Kelime,Frekans
framework,50
effects,49
learning,46
policy,44
treatment,43
two,39
estimation,37
value,33
regression,32
information,32
design,31
effect,31
inference,29
welfare,26
spatial,26
causal,25
dynamic,24
problem,24
new,23
first,23
use,23
risk,23
systems,23
types,23
key,22
matching,22
average,21
experiments,21
riesz,21
empirical,21
work,21
equilibrium,20
time,20
structural,20
conditions,20
statistical,20
market,19
distribution,19
function,19
tests,19
optimal,18
demonstrate,18
functions,18
provide,18
variables,18
network,18
evidence,17
across,17
machine,17
control,17
synthetic,17
develop,17
behavior,16
theory,16
inequality,16
estimate,16
problems,16
income,15
system,15
innovation,15
set,14
agents,14
applications,14
equilibria,14
case,14
social,14
environmental,14
test,14
performance,14
testing,14
parameters,14
general,14
pricing,13
experiment,13
public,13
error,13
debiased,13
estimator,13
game,13
central,13
may,13
mathematical,13
clustering,13
workers,12
price,12
rate,12
approaches,12
estimates,12
balancing,12
estimators,12
derive,12
dynamics,12
researchers,12
often,12
supply,12
heterogeneity,12
yields,12
efficiency,12
number,12
factors,12
robustness,12
even,11
targeted,11
designs,11
markets,11
settings,11
strategic,11
rational,11
offers,11
population,11
ratio,11
preferences,11
functional,11
discrete,11
political,11
interaction,11
differenceindifferences,11
level,11
impact,11
continuous,11
rates,11
networks,11
firms,10
rather,10
job,10
platform,10
surplus,10
exchange,10
full,10
proposed,10
open,10
estimating,10
bias,10
core,10
patterns,10
efficient,10
robust,10
given,10
one,10
heterogeneous,10
hypothesis,10
finite,10
sample,10
assumptions,10
reveals,10
without,10
increase,10
establish,10
additional,10
latent,10
moments,10
stability,10
task,9
platforms,9
sharing,9
via,9
address,9
three,9
high,9
second,9
consumption,9
whether,9
covariates,9
four,9
among,9
novel,9
theoretical,9
common,9
training,9
planning,9
power,9
groups,9
mechanisms,9
nonparametric,9
distributions,9
finally,9
individuals,9
identification,9
assumption,9
role,9
consistent,9
multiple,9
parameter,9
global,9
regional,9
potential,9
type,9
previous,9
beliefs,9
bayesian,9
technology,9
uncertainty,9
complex,9
spillovers,9
policies,9
identify,9
adoption,9
decay,9
highlight,8
higher,8
yet,8
concerns,8
characterize,8
mechanism,8
large,8
periods,8
cost,8
structures,8
household,8
available,8
features,8
urban,8
covariate,8
outcome,8
representer,8
context,8
aggregate,8
provides,8
conditional,8
plugin,8
estimated,8
digital,8
responses,8
critical,8
application,8
depends,8
parallel,8
trends,8
preliminary,8
tool,8
transparent,8
levels,8
government,8
boundary,8
local,8
challenges,8
growth,8
positive,8
macroeconomic,8
effectiveness,8
tools,8
different,8
european,8
representation,8
labor,8
panel,8
process,8
utility,8
connectedness,8
energy,8
significant,8
systemic,8
outcomes,8
increases,8
infrastructure,8
contagion,8
fragility,8
moral,8
awareness,8
decisions,7
experimental,7
baseline,7
prices,7
algorithms,7
lower,7
principals,7
ability,7
proposes,7
relative,7
merchants,7
current,7
despite,7
like,7
water,7
cities,7
accuracy,7
direct,7
term,7
zero,7
economy,7
captures,7
trade,7
contribution,7
optimization,7
several,7
services,7
mobility,7
order,7
suggesting,7
vector,7
group,7
private,7
allows,7
within,7
requires,7
well,7
loss,7
puzzles,7
skills,7
demonstrating,7
drivers,7
choices,7
shocks,7
natural,7
properties,7
influence,7
including,7
standard,7
introduce,7
demand,7
considered,7
rule,7
science,7
automation,7
technologies,7
characteristics,7
decision,7
sets,7
random,7
development,7
offering,7
constraints,7
literature,7
response,7
chain,7
stratification,7
agent,7
tasks,7
candidates,7
principal,7
cbdc,7
screening,7
independent,6
rely,6
existence,6
focus,6
recent,6
reinforcement,6
insights,6
density,6
contrast,6
densityratio,6
important,6
relationship,6
defined,6
populations,6
external,6
cate,6
food,6
substantial,6
risks,6
extension,6
instrumental,6
variable,6
always,6
real,6
simulations,6
bounds,6
evaluate,6
limitations,6
times,6
interpretation,6
forecasting,6
many,6
institutional,6
used,6
analyzing,6
years,6
unemployment,6
predictive,6
evolution,6
improve,6
extend,6
classical,6
asymptotic,6
underlying,6
monetary,6
currency,6
users,6
principles,6
production,6
units,6
increasingly,6
productivity,6
covid,6
emergency,6
modern,6
existing,6
mean,6
ensuring,6
solutions,6
banks,6
index,6
making,6
example,6
employment,6
sensitivity,6
improvement,6
small,6
limit,6
disclosure,6
limited,6
neyman,6
selection,6
vulnerability,6
nonlinear,6
stage,6
adjustment,6
capacity,6
diffusion,6
stochastic,6
banking,6
households,6
marginal,6
effort,6
fund,6
delegate,5
algorithm,5
participants,5
indicate,5
signals,5
especially,5
customer,5
designing,5
weighted,5
broad,5
predatory,5
oligopoly,5
practical,5
form,5
question,5
reveal,5
resulting,5
exhibit,5
simple,5
compare,5
due,5
alternative,5
integrates,5
dre,5
weights,5
play,5
equivalent,5
least,5
squares,5
computational,5
traditional,5
pipeline,5
foundation,5
field,5
showing,5
prove,5
class,5
procedure,5
typically,5
remain,5
costs,5
choice,5
suggest,5
perceived,5
setting,5
strictly,5
statistics,5
condition,5
parametric,5
various,5
monte,5
carlo,5
illustrate,5
understanding,5
much,5
degree,5
extrapolation,5
conduct,5
mild,5
intervals,5
numerical,5
accounting,5
tax,5
total,5
school,5
analyzed,5
generalized,5
single,5
develops,5
proportional,5
capital,5
sufficient,5
along,5
techniques,5
funding,5
strong,5
correlation,5
gamma,5
early,5
llm,5
human,5
llms,5
scale,5
geographic,5
variance,5
asymptotically,5
regimes,5
raise,5
cooperative,5
informative,5
size,5
larger,5
feedback,5
input,5
third,5
building,5
governance,5
correlated,5
quantities,5
tutoring,5
extending,5
evaluation,5
moment,5
structure,5
credible,5
contracts,5
solution,5
quantile,5
bank,5
voters,5
participation,5
immigration,5
unifying,5
variation,5
valuable,5
conventional,5
corporate,5
transparency,5
states,5
arise,5
vars,5
treated,5
bids,5
identified,5
designbased,5
representations,5
wage,5
applied,5
menu,5
liquidity,5
slim,5
disparities,5
evolutionary,5
repeated,4
treatments,4
algorithmic,4
employers,4
prosocial,4
generate,4
managers,4
distinct,4
advertising,4
fail,4
share,4
iii,4
although,4
finitehorizon,4
capture,4
incentives,4
allow,4
strategy,4
providing,4
view,4
regions,4
gsv,4
benchmark,4
maps,4
classes,4
unified,4
tmle,4
essentially,4
neither,4
logic,4
delivers,4
clear,4
simultaneously,4
legal,4
twosided,4
designed,4
actually,4
gap,4
ewm,4
guarantees,4
convex,4
delivery,4
become,4
externalities,4
improved,4
consumer,4
economies,4
gains,4
dense,4
voting,4
act,4
intervention,4
differences,4
increasing,4
exogenous,4
mid,4
faster,4
values,4
good,4
sustainability,4
transfer,4
feature,4
probability,4
measure,4
overall,4
violations,4
counterfactual,4
pretreatment,4
prior,4
interpreted,4
known,4
characterization,4
popular,4
overview,4
students,4
solve,4
measured,4
formulate,4
security,4
outside,4
main,4
coordination,4
thresholds,4
budget,4
processes,4
programs,4
lognormal,4
countries,4
cases,4
concept,4
functionals,4
convergence,4
fixed,4
unlike,4
viable,4
industry,4
reward,4
sender,4
unknown,4
must,4
state,4
datas,4
dependence,4
oil,4
formal,4
output,4
distributional,4
focusing,4
allocation,4
could,4
developing,4
administrative,4
increased,4
largescale,4
fundamental,4
flexible,4
highdimensional,4
automatic,4
operator,4
manner,4
objective,4
expected,4
investigates,4
nash,4
algebraic,4
crosssectional,4
perspective,4
combining,4
systematically,4
volatility,4
investment,4
series,4
temporal,4
players,4
areas,4
autoregressions,4
uses,4
disasters,4
negative,4
interventions,4
divergence,4
interest,4
pairs,4
observational,4
include,4
oracle,4
chooses,4
multivariate,4
management,4
interactions,4
complementarities,4
tukey,4
timeseries,4
medical,4
scenarios,4
statistically,4
intelligence,4
individual,4
linking,4
unique,4
reference,4
shared,4
engineering,4
beyond,4
document,4
connectivity,4
lambda,4
formulation,4
predictions,4
enables,4
assets,4
menus,4
evaluations,4
institutions,4
identifies,4
posteriors,4
rationalizability,4
naturally,4
cfis,4
bilevel,4
boundaries,4
ethical,4
abstention,4
receives,4
tda,4
delegation,3
representing,3
competition,3
hiring,3
tradeoff,3
jobs,3
subjects,3
participate,3
simulated,3
highly,3
poaching,3
sum,3
credit,3
points,3
combinatorial,3
smooth,3
strategically,3
relevance,3
strategies,3
dropouts,3
following,3
introduces,3
perfect,3
analyzes,3
lead,3
deep,3
compute,3
games,3
face,3
asymmetric,3
variety,3
publicly,3
classification,3
precision,3
maximum,3
likelihood,3
ate,3
roles,3
biascorrection,3
special,3
constructing,3
nearest,3
neighbor,3
opaque,3
empirically,3
epistemic,3
fragile,3
observed,3
relief,3
downstream,3
rules,3
maximization,3
maximize,3
maximizing,3
exact,3
leveraging,3
yield,3
required,3
pay,3
broader,3
access,3
willingness,3
giving,3
approximately,3
exceeding,3
need,3
frameworks,3
primary,3
safety,3
mortality,3
previously,3
nonwhite,3
changes,3
instead,3
stress,3
arising,3
consider,3
researcher,3
assume,3
therefore,3
constructed,3
jointly,3
significantly,3
cooperation,3
crucial,3
members,3
affect,3
apply,3
directly,3
recently,3
aim,3
determine,3
trend,3
falls,3
acceptable,3
posttreatment,3
made,3
partially,3
thinking,3
aimed,3
specific,3
regret,3
differencing,3
complementary,3
holds,3
execution,3
inherent,3
ecosystem,3
environments,3
compromising,3
prize,3
beta,3
bound,3
make,3
dollars,3
generation,3
introduced,3
connection,3
turn,3
capturing,3
necessary,3
andor,3
provided,3
alignment,3
implementation,3
reforms,3
supporting,3
diversity,3
cpi,3
initially,3
driven,3
aem,3
econometric,3
elasticities,3
observations,3
original,3
mixture,3
bps,3
excess,3
simplex,3
singularity,3
way,3
assignment,3
nonnegative,3
normal,3
integration,3
versus,3
finitesample,3
union,3
lmu,3
sources,3
artists,3
music,3
implications,3
families,3
explore,3
decisionmaker,3
privately,3
posterior,3
ensure,3
payoffs,3
induce,3
situations,3
would,3
deals,3
contributions,3
systematic,3
persistent,3
five,3
explicit,3
generative,3
tasklevel,3
inputs,3
ways,3
expenditures,3
incomplete,3
support,3
achieved,3
outofsample,3
illustrates,3
trees,3
sparse,3
equal,3
require,3
imposes,3
extensive,3
clusters,3
around,3
controlling,3
instance,3
squared,3
importance,3
tugames,3
fed,3
attention,3
review,3
article,3
inflation,3
change,3
better,3
plan,3
concepts,3
effective,3
spillover,3
multidimensional,3
sectors,3
reject,3
air,3
sustainable,3
practices,3
highlights,3
rationality,3
fully,3
receiver,3
internal,3
evolve,3
cognitive,3
independence,3
germany,3
strict,3
bregman,3
equations,3
reduce,3
scores,3
deliver,3
ante,3
rapid,3
shaped,3
benchmarks,3
quantify,3
szbvarx,3
randomized,3
adaptive,3
alternatives,3
extensions,3
construct,3
regressionbased,3
called,3
industrial,3
drive,3
consistency,3
little,3
presence,3
simulation,3
monthly,3
altadena,3
artificial,3
adopted,3
dimensions,3
knowledge,3
archetypes,3
usage,3
requiring,3
icps,3
endogenous,3
identities,3
pairwisedifference,3
enable,3
allowing,3
invests,3
decreases,3
match,3
autoregressive,3
spectral,3
graph,3
navierstokesbased,3
kappa,3
implying,3
whose,3
percent,3
targeting,3
perturbed,3
premium,3
substantially,3
challenge,3
stagnation,3
suboptimal,3
stable,3
rejections,3
ultimatum,3
differ,3
expectations,3
perceptions,3
macroenergyjl,3
place,3
nplayers,3
closed,3
loop,3
separating,3
impacts,3
approximation,3
gmm,3
achieving,3
mediator,3
emphdiscrete,3
weak,3
unaware,3
typedependent,3
options,3
experience,3
setvalued,3
active,3
lowerlevel,3
upperlevel,3
formulations,3
absorption,3
navierstokes,3
program,3
influential,3
chile,3
drawing,3
returns,3
nonprofit,3
caselevel,3
healthcare,3
risksharing,3
payouts,3
administrator,3
payout,3
eventstudy,3
command,3
products,3
utilitarianism,3
pleasure,3
comovements,3
collusive,2
selflearning,2
either,2
override,2
collusion,2
dilemma,2
measures,2
ranking,2
initial,2
database,2
subsequent,2
observe,2
worker,2
reporting,2
stem,2
initiatives,2
maximizes,2
revenues,2
engagement,2
sufficiently,2
implemented,2
selling,2
sell,2
posted,2
ctr,2
ads,2
toward,2
directions,2
firm,2
lowers,2
undermine,2
competitors,2
derived,2
leverage,2
advances,2
converge,2
authorities,2
regulators,2
predicting,2
satellite,2
street,2
costly,2
surveys,2
geospatial,2
intensity,2
predict,2
india,2
survey,2
combined,2
plus,2
middle,2
overlapping,2
proxies,2
minimal,2
promising,2
reliable,2
note,2
depending,2
dual,2
leading,2
property,2
law,2
makes,2
technical,2
safeguards,2
fragmented,2
grounded,2
llmbased,2
reality,2
ignore,2
causing,2
peaks,2
raising,2
end,2
intuition,2
comparative,2
replacing,2
engine,2
bridging,2
recommends,2
major,2
analogous,2
equivalence,2
regularization,2
computationally,2
avoids,2
integral,2
daily,2
planners,2
internalize,2
quantifies,2
china,2
compensation,2
reduced,2
far,2
typical,2
fees,2
integrate,2
service,2
emissions,2
rights,2
health,2
consequences,2
younger,2
adults,2
older,2
composition,2
status,2
duration,2
censored,2
meaning,2
rank,2
converges,2
usual,2
approximations,2
national,2
partnership,2
jtpa,2
norms,2
remains,2
constant,2
greater,2
facilitates,2
redistribution,2
pretest,2
valid,2
period,2
argue,2
appropriate,2
justified,2
exactly,2
coverage,2
imperfect,2
augment,2
kang,2
feasible,2
passthrough,2
expression,2
revenue,2
syrian,2
schoolchildren,2
mathematics,2
paired,2
taken,2
syria,2
groupwise,2
validity,2
distinguished,2
teebft,2
center,2
assurance,2
bft,2
trusted,2
tees,2
mitigation,2
interface,2
principalagent,2
tee,2
threshold,2
flow,2
closedform,2
conservative,2
informs,2
architecture,2
maintain,2
interacting,2
fiscal,2
arises,2
discuss,2
discontinuity,2
distancebased,2
curve,2
samples,2
uniformly,2
regularity,2
companion,2
integrated,2
leaders,2
advanced,2
budgeting,2
indicators,2
california,2
cccs,2
particularly,2
equity,2
inclusion,2
quantitative,2
gdp,2
relation,2
ccc,2
revealed,2
underscoring,2
emphasize,2
serving,2
student,2
purchasing,2
parity,2
represent,2
relying,2
curves,2
enabled,2
bimodal,2
transition,2
fits,2
agentic,2
aligns,2
generates,2
mapping,2
upon,2
perform,2
validate,2
millions,2
fit,2
errors,2
calibrated,2
closely,2
dayone,2
subset,2
topology,2
translate,2
compact,2
subsets,2
subpopulation,2
normality,2
semiparametric,2
analytical,2
dimensional,2
procedures,2
latin,2
look,2
currencies,2
content,2
rigorous,2
still,2
compensate,2
streaming,2
measuring,2
popularity,2
space,2
indices,2
exploring,2
axioms,2
might,2
appropriately,2
connect,2
persuasion,2
senders,2
nonparametrically,2
applying,2
iid,2
realizations,2
payoff,2
force,2
sampling,2
nonmonotonic,2
classic,2
prefer,2
affects,2
agenda,2
emergent,2
commodities,2
revealing,2
exclude,2
creators,2
foundational,2
goods,2
answer,2
anticipate,2
continues,2
importantly,2
decrease,2
identifying,2
highdosage,2
pandemic,2
certain,2
billion,2
know,2
districts,2
category,2
esser,2
plans,2
allocations,2
trained,2
moderate,2
generalizes,2
behavioral,2
thus,2
dimensionality,2
notion,2
null,2
hold,2
demonstrated,2
unobserved,2
mixtures,2
interpretable,2
panels,2
distance,2
recovery,2
proves,2
lin,2
minimizing,2
fitting,2
lsif,2
kato,2
egalitarian,2
possess,2
call,2
arbitrary,2
communication,2
implicit,2
infinitehorizon,2
equation,2
reducedform,2
heteroskedasticity,2
enabling,2
attitudes,2
willing,2
affecting,2
divided,2
includes,2
since,2
seeks,2
folk,2
geometric,2
dissection,2
paradox,2
explores,2
reasoning,2
people,2
questions,2
components,2
track,2
wages,2
occupational,2
energyfood,2
nexus,2
timefrequency,2
escalating,2
pronounced,2
crisis,2
skewness,2
kurtosis,2
longterm,2
consistently,2
varying,2
coordinated,2
shortrun,2
multioutcome,2
san,2
juan,2
latenight,2
economically,2
meaningful,2
short,2
donor,2
pool,2
joint,2
significance,2
severe,2
resource,2
policymakers,2
employs,2
improves,2
improving,2
informed,2
memory,2
controls,2
decisionmaking,2
protocol,2
modeled,2
learn,2
create,2
informational,2
asymmetries,2
regulatory,2
var,2
controlvar,2
advantages,2
pvar,2
range,2
combination,2
residual,2
autocorrelation,2
complements,2
already,2
advantage,2
frequency,2
involving,2
depend,2
orthogonal,2
nuisance,2
computed,2
refer,2
entropy,2
explicitly,2
solving,2
trials,2
allocates,2
biased,2
candidate,2
estimands,2
fms,2
drives,2
characterized,2
assessing,2
talent,2
threatens,2
dependencies,2
room,2
accurate,2
geopolitical,2
sims,2
interpretability,2
projections,2
impulse,2
difference,2
bid,2
sequential,2
cheapest,2
signal,2
bidding,2
deviates,2
sunk,2
starts,2
realistic,2
flexibility,2
whereas,2
illustration,2
studied,2
solely,2
working,2
regressors,2
establishes,2
additionally,2
true,2
grouped,2
slope,2
purpose,2
doubly,2
slopes,2
remainder,2
disaggregated,2
unit,2
found,2
squareroot,2
lasso,2
orders,2
united,2
wildfire,2
assumes,2
six,2
event,2
faced,2
demonstrates,2
evaluating,2
claude,2
done,2
capabilities,2
intrinsic,2
methodology,2
creativity,2
complexity,2
low,2
standardized,2
best,2
comprehensive,2
informationcredible,2
refinement,2
pairwise,2
matchings,2
connects,2
notions,2
coincides,2
promote,2
extends,2
lagrange,2
fourth,2
covariances,2
unbiased,2
politics,2
move,2
transform,2
considerable,2
society,2
providers,2
user,2
gaps,2
theories,2
unequal,2
cycle,2
point,2
biases,2
interdependence,2
imposing,2
priori,2
dualchannel,2
spreads,2
connections,2
exponential,2
approx,2
kilometers,2
negligible,2
documented,2
distributionally,2
scalar,2
elasticity,2
bigger,2
coworkers,2
ladder,2
reflect,2
gametheoretic,2
persistently,2
principle,2
starting,2
shifts,2
operators,2
exposure,2
laplacian,2
reduction,2
consolidation,2
coupling,2
explanation,2
rejection,2
whitecollar,2
raises,2
report,2
multisector,2
practitioners,2
versatile,2
transitions,2
hence,2
asset,2
decentralized,2
auctions,2
achieve,2
multiplicative,2
secondprice,2
instanceadaptive,2
according,2
expense,2
examples,2
bankruns,2
agentbased,2
interbank,2
goes,2
default,2
evaluated,2
scales,2
modest,2
overidentified,2
convexity,2
fullsample,2
jtest,2
hours,2
twotier,2
modelling,2
tier,2
constrained,2
edges,2
effectively,2
transfers,2
valuation,2
concave,2
textiteven,2
concavity,2
contract,2
rationalizable,2
incentive,2
highcost,2
otherwise,2
aware,2
extreme,2
consumptionsavings,2
propensities,2
mpcs,2
past,2
experiences,2
explanations,2
exante,2
shape,2
programming,2
hierarchical,2
restrictions,2
pessimistic,2
optimistic,2
box,2
language,2
idea,2
equitable,2
fair,2
meritocratic,2
others,2
postselection,2
personalized,2
guidance,2
merit,2
selectivity,2
ems,2
adhoc,2
fluid,2
tau,2
incidents,2
elderly,2
minutes,2
smaller,2
coefficient,2
additive,2
longitudinal,2
developed,2
conclusions,2
checks,2
biology,2
presents,2
forecast,2
layers,2
autoregression,2
decompositions,2
layer,2
centralized,2
mpe,2
integrating,2
practitionerintheloop,2
actionable,2
surface,2
assessment,2
safe,2
quality,2
processspecialized,2
stakes,2
compensationbased,2
distributing,2
fairness,2
focused,2
feminist,2
exploitation,2
didmultiplegtdyn,2
potentially,2
binary,2
absorbing,2
launch,2
foreign,2
pongo,2
beings,2
cluster,2
silhouette,2
calinskiharabasz,2
bertrand,1
beginning,1
supergame,1
receive,1
recommendations,1
foster,1
humansintheloop,1
intrinsically,1
motivated,1
concerned,1
prospective,1
propensity,1
avoid,1
shirking,1
incentivized,1
session,1
sessions,1
details,1
rankandvalue,1
preference,1
fields,1
homophily,1
compensating,1
surpassing,1
ecommerce,1
rolling,1
ambitious,1
participating,1
incentivizes,1
voluntarily,1
clickthrough,1
buying,1
highvalue,1
buy,1
scope,1
greenhouse,1
gas,1
reallocating,1
resources,1
predation,1
oligopolies,1
contentious,1
topic,1
scholars,1
debating,1
long,1
intertemporal,1
oligopolists,1
exit,1
lossmaking,1
remained,1
seminal,1
selten,1
subgame,1
analytically,1
verify,1
stateoftheart,1
reliably,1
imperfectinformation,1
emerge,1
answers,1
decadeold,1
images,1
indian,1
monitoring,1
rapidly,1
urbanizing,1
hampered,1
timeintensive,1
enumeration,1
imagerysatellite,1
tiles,1
google,1
segmentationand,1
nightlight,1
utilized,1
hubballidharwad,1
cnn,1
embeddings,1
semantic,1
auxiliary,1
ordinal,1
segmentation,1
remotesensing,1
achieves,1
approaching,1
surveybased,1
extremes,1
confusion,1
visual,1
subjective,1
openaccess,1
imagery,1
coupled,1
obtaining,1
analytics,1
bregmanriesz,1
referred,1
clever,1
becomes,1
consent,1
lab,1
legible,1
testbed,1
failure,1
governing,1
opacity,1
discovery,1
brittle,1
paralyzed,1
empirics,1
begins,1
multiyear,1
fieldwork,1
extract,1
hidden,1
embeds,1
behaviors,1
highfidelity,1
abm,1
parameterized,1
discretechoice,1
unsurveyable,1
validated,1
reproducing,1
laboratory,1
counterintuitive,1
propertystyle,1
false,1
promise,1
anonymousdata,1
carveouts,1
expand,1
collapse,1
harms,1
priced,1
buyer,1
internalizes,1
substantive,1
leastcost,1
avoider,1
induces,1
sustaining,1
drift,1
reachability,1
reproducible,1
reliance,1
converts,1
qualitative,1
insight,1
testable,1
obsoleting,1
armchair,1
conjecture,1
controlled,1
shift,1
forwardlooking,1
moves,1
competing,1
intuitions,1
goal,1
train,1
builds,1
trains,1
highest,1
bridges,1
particular,1
reparameterization,1
consequence,1
interchangeable,1
respects,1
nphard,1
step,1
putting,1
immobility,1
deliveries,1
part,1
life,1
poorly,1
addressed,1
neglect,1
consumers,1
enough,1
beijing,1
accept,1
median,1
cny,1
usd,1
waiting,1
reliability,1
valuations,1
cnyhour,1
cnymin,1
underpricing,1
quantitybased,1
targets,1
speed,1
volume,1
addressing,1
source,1
maintaining,1
net,1
pragmatic,1
equityconscious,1
curb,1
deliveryrelated,1
congestion,1
cores,1
redistributing,1
eliminated,1
barriers,1
disenfranchised,1
led,1
declines,1
underfive,1
sharply,1
contrasting,1
age,1
fell,1
children,1
women,1
rose,1
whites,1
men,1
reconciled,1
material,1
psychosocial,1
retaliatory,1
threat,1
exogeneity,1
interested,1
subject,1
right,1
censoring,1
tvarphixzu,1
varphixzu,1
usim,1
mathcalu,1
nonseparable,1
categorical,1
xzt,1
identifiability,1
varphi,1
xzc,1
complicates,1
construction,1
limiting,1
uniform,1
nrate,1
bootstrap,1
progress,1
societies,1
decide,1
switch,1
incomes,1
informal,1
agreements,1
member,1
ambiguous,1
progressivity,1
norm,1
taxation,1
defense,1
tested,1
check,1
administered,1
cautioned,1
detect,1
substantively,1
analyst,1
severity,1
stands,1
lack,1
assuming,1
close,1
actual,1
violation,1
confidence,1
conditioned,1
overcomes,1
critique,1
robustdemand,1
vasserman,1
primitivesintervals,1
marketpower,1
parametersapplied,1
snapshots,1
identity,1
distills,1
supplyside,1
deduce,1
produced,1
singlethreshold,1
bangbang,1
inverse,1
modification,1
vassermans,1
demandside,1
producer,1
deadweight,1
valorem,1
background,1
education,1
schools,1
conducting,1
posttest,1
obtained,1
sixthgrade,1
lady,1
mary,1
extent,1
ttest,1
examines,1
generalizing,1
invoke,1
former,1
dominates,1
latter,1
latters,1
exceeds,1
formers,1
vanishing,1
usefulness,1
blockchains,1
communicating,1
largely,1
byzantine,1
fault,1
tolerant,1
broker,1
securely,1
costofcollusion,1
isolates,1
attack,1
profitability,1
kofn,1
detection,1
permember,1
sanctions,1
shortwindow,1
omega,1
secured,1
deterrence,1
vsafe,1
unprofitable,1
calibrations,1
timeadvantaged,1
arbitrage,1
plausible,1
protect,1
trillion,1
blockchain,1
combines,1
consensus,1
nearstateless,1
distributed,1
onchain,1
attestation,1
heterogeneousagent,1
ftpl,1
bewleyhuggettaiyagari,1
post,1
idiosyncratic,1
uninsurable,1
meanfield,1
huang,1
caines,1
malhame,1
lasry,1
lions,1
multiplicity,1
stationary,1
runs,1
deficits,1
implies,1
isotropic,1
polynomial,1
pointwise,1
played,1
onedimensional,1
manifold,1
conducted,1
illustrated,1
generalpurpose,1
software,1
explored,1
community,1
colleges,1
widespread,1
continue,1
aligning,1
missions,1
dei,1
correlational,1
educational,1
safeguard,1
sustain,1
underrepresented,1
world,1
personal,1
wellestablished,1
separate,1
accurately,1
fitted,1
econophysics,1
completeness,1
covered,1
vast,1
majority,1
worlds,1
pdf,1
cumulative,1
ccdf,1
highlighted,1
exhibited,1
pattern,1
populated,1
unimodal,1
singlefunction,1
reasonable,1
yielded,1
nearperfect,1
smallsample,1
taskconditioned,1
learns,1
raw,1
humanaligned,1
recover,1
effectswe,1
conjoint,1
correction,1
demandparameter,1
uncorrected,1
outofdomain,1
bpsunder,1
timewise,1
peimproving,1
humanonly,1
pthese,1
aems,1
rct,1
walrasian,1
almost,1
generic,1
genericicity,1
proved,1
sense,1
whitney,1
ensures,1
map,1
appear,1
sonnenscheinmanteldebreu,1
assigned,1
sqrtn,1
formula,1
sieve,1
submanifolds,1
reason,1
lies,1
integrand,1
vanishes,1
earnings,1
closer,1
reexamines,1
century,1
agreement,1
standardize,1
bimetallic,1
gold,1
silver,1
adopts,1
latest,1
gravity,1
defining,1
bimetallism,1
faded,1
converging,1
confounders,1
spanning,1
methodological,1
ensuing,1
charging,1
uncover,1
normative,1
appeal,1
intimately,1
connected,1
shapley,1
characterizations,1
help,1
rising,1
concern,1
royalties,1
launched,1
spotify,1
deezer,1
frequentist,1
persuades,1
naive,1
committing,1
message,1
hypoconverge,1
fullinformation,1
counterpart,1
sizes,1
friction,1
prosecutorjudge,1
less,1
revelation,1
perfectly,1
aligned,1
stateindependent,1
imperfectly,1
understood,1
labs,1
exhaust,1
proprietary,1
reaching,1
hundreds,1
computer,1
coherent,1
distinctive,1
nonrivalry,1
rivalry,1
contamination,1
trace,1
historical,1
precedents,1
formation,1
grain,1
documentation,1
fragmentation,1
perunit,1
licensing,1
commissioning,1
hierarchy,1
exchangeable,1
token,1
record,1
corpus,1
stream,1
foundations,1
outline,1
contextdependent,1
privacy,1
compositional,1
relates,1
lowskill,1
formalize,1
commonly,1
workerlevel,1
technologys,1
capability,1
sign,1
vice,1
versa,1
likely,1
positively,1
negatively,1
generally,1
suggests,1
producers,1
unobservable,1
nationally,1
representative,1
skewed,1
counterfactuals,1
worth,1
billions,1
talented,1
scientists,1
nationwide,1
applies,1
optimized,1
xgboost,1
districtlevel,1
caused,1
unprecedented,1
losing,1
half,1
grade,1
federal,1
allocated,1
smallgroup,1
summer,1
staff,1
dont,1
spent,1
custom,1
scraped,1
elementary,1
secondary,1
district,1
enrollment,1
urbanicity,1
count,1
mention,1
omit,1
methodologically,1
gradientboosted,1
reconstruct,1
structured,1
missing,1
domains,1
recovering,1
semistructured,1
text,1
machinelearningassisted,1
comparison,1
revisit,1
comparing,1
smoothing,1
hindered,1
curse,1
kernelbased,1
reformulation,1
restrictive,1
efficacy,1
randomly,1
generated,1
inferring,1
paneldata,1
treating,1
descriptive,1
device,1
mfm,1
inconsistency,1
issues,1
dirichlet,1
telescoping,1
sampler,1
fruhwirthschnatter,1
yielding,1
mcmc,1
mixing,1
truth,1
wasserstein,1
incomedemocracy,1
chernozhukov,1
equivalently,1
leastsquares,1
kanamori,1
wellknown,1
transferable,1
banzhaf,1
myerson,1
aumanndreze,1
satisfy,1
desirable,1
restore,1
justifications,1
fess,1
fps,1
funaki,1
koriyama,1
generalizations,1
offer,1
rationale,1
efficientfair,1
variant,1
coalition,1
taylor,1
attitude,1
indexed,1
hawkishdovish,1
stances,1
adverse,1
bellman,1
implementing,1
eulerequation,1
taylorruletype,1
reaction,1
indirect,1
aversion,1
outlined,1
laws,1
motion,1
mostly,1
dovishtype,1
hawkish,1
turnout,1
influencing,1
electoral,1
modelbased,1
peoples,1
categories,1
topics,1
livelihood,1
cultural,1
psychological,1
focuses,1
emphasis,1
incumbent,1
supportive,1
retrospect,1
keep,1
position,1
deliberate,1
understand,1
issue,1
hypothetical,1
presented,1
country,1
stateowned,1
populist,1
problemsolving,1
covers,1
tangrams,1
monty,1
hall,1
birthday,1
eight,1
queens,1
puzzle,1
tower,1
hanoi,1
modifications,1
gamified,1
involvement,1
comprehension,1
path,1
polyominoes,1
proven,1
minimum,1
straightline,1
cuts,1
dissect,1
polyomino,1
constituent,1
mathrmn,1
classroom,1
reinforce,1
area,1
enjoyable,1
places,1
composites,1
debate,1
unidentified,1
decomposes,1
identifiable,1
picture,1
immigrations,1
upgrading,1
driving,1
interlinkages,1
posing,1
serious,1
gjrsk,1
forest,1
return,1
primarily,1
shortterm,1
prominent,1
medium,1
dominated,1
notably,1
crude,1
serves,1
transmitter,1
diverse,1
influenced,1
macrofinancial,1
supplydemand,1
fundamentals,1
uncertainties,1
climaterelated,1
considerably,1
timescales,1
multilayered,1
earlywarning,1
nightlife,1
regulation,1
puerto,1
ricos,1
alcohol,1
sales,1
ordinance,1
pools,1
publicsafety,1
commonweight,1
clarifies,1
lowrank,1
reallocations,1
restaurants,1
bars,1
gasoline,1
convenience,1
hospitality,1
disorder,1
arrests,1
violent,1
crime,1
departures,1
prepolicy,1
postpolicy,1
window,1
conformal,1
permutation,1
magnitudes,1
persistence,1
pretrend,1
code,1
diagnostics,1
replication,1
chinese,1
ashare,1
listed,1
companies,1
climate,1
warming,1
pollution,1
pose,1
threats,1
presenting,1
worldwide,1
corporations,1
utilization,1
drawn,1
regarding,1
twoway,1
green,1
regionspecific,1
promoting,1
enhanced,1
boundedly,1
uninformed,1
finitestate,1
governs,1
optimally,1
avoidance,1
opinion,1
polarization,1
indecision,1
expressive,1
media,1
distrust,1
macroeconomics,1
addresses,1
mix,1
economist,1
dummy,1
controlbased,1
examining,1
contrary,1
cyclical,1
controlvars,1
discusses,1
contemporaneous,1
interpretations,1
pvars,1
postulate,1
thought,1
toolkits,1
staggereddid,1
lpdid,1
formulates,1
residuals,1
notable,1
sparsely,1
component,1
related,1
activity,1
weekly,1
usi,1
conclude,1
discussing,1
sutva,1
interference,1
minimization,1
comprising,1
unifies,1
plugging,1
poor,1
firststage,1
endtoend,1
discrepancy,1
discrepancies,1
encompasses,1
kullbackleibler,1
automatically,1
obtain,1
choosing,1
localized,1
tied,1
sites,1
insufficient,1
extrapolate,1
generalequilibrium,1
combine,1
selects,1
experimentally,1
arms,1
specifies,1
weight,1
minimax,1
evaluates,1
knows,1
biasvariance,1
prespecified,1
smallscale,1
cash,1
optimizing,1
site,1
microfinance,1
ascent,1
transformer,1
adaptability,1
gpt,1
family,1
massive,1
fueling,1
turbulent,1
intense,1
fastevolving,1
challenging,1
aivi,1
upstream,1
prioritizing,1
hypothesizing,1
vulnerabilities,1
concentration,1
scarcity,1
bottlenecks,1
demands,1
acknowledging,1
substitutability,1
geometrical,1
subindexes,1
normalized,1
aims,1
ais,1
implicitly,1
shed,1
light,1
harder,1
amid,1
disruptions,1
reversals,1
volatile,1
overfit,1
struggle,1
interdependencies,1
zha,1
incorporate,1
domaininformed,1
shrinkage,1
newspaper,1
mitigates,1
guided,1
wavelet,1
coherence,1
dependent,1
month,1
horizons,1
outperforms,1
confirmed,1
murphy,1
diagrams,1
diebold,1
mariano,1
giacomini,1
white,1
predictability,1
prediction,1
quantification,1
scenario,1
pervasive,1
contests,1
interim,1
allpay,1
auction,1
stages,1
win,1
commonvalue,1
wherein,1
player,1
equals,1
cutoff,1
head,1
discouragement,1
batchadaptive,1
postdesign,1
blocking,1
exploit,1
rematch,1
batches,1
stratified,1
expect,1
substitutes,1
insuring,1
elements,1
records,1
interact,1
determines,1
richer,1
complementarity,1
rarely,1
cyclebased,1
recovers,1
switchback,1
nof,1
randomness,1
simpler,1
ordinary,1
specified,1
transformed,1
diverging,1
variances,1
relies,1
misspecification,1
received,1
homogeneity,1
sequence,1
dominant,1
shrinking,1
corroborate,1
efficiently,1
originally,1
singletreated,1
tackle,1
rigorously,1
accommodating,1
highdimensionality,1
att,1
superior,1
assess,1
stayathome,1
county,1
house,1
jan,1
scm,1
january,1
housing,1
peer,1
serve,1
intensifies,1
months,1
nuanced,1
posttopretreatment,1
rmspe,1
communities,1
fireprone,1
scms,1
disasterrelated,1
damages,1
uncovering,1
chatgpt,1
etc,1
reshape,1
utilizes,1
anthropic,1
million,1
mapped,1
onet,1
scored,1
seven,1
routine,1
domain,1
employed,1
routineness,1
attracted,1
procedural,1
operational,1
applicability,1
predicted,1
concentrated,1
originality,1
realworld,1
datadriven,1
emerging,1
humanai,1
division,1
deviating,1
matchrelevant,1
deciding,1
block,1
option,1
refines,1
feardriven,1
beliefbased,1
informationbased,1
collapses,1
uninformative,1
infeasible,1
completeinformation,1
free,1
icpsblocking,1
deviation,1
icpsstable,1
exist,1
assortative,1
nontransferable,1
gini,1
ginitype,1
higherorder,1
location,1
coefficients,1
needed,1
considering,1
replications,1
observing,1
powers,1
recursions,1
link,1
ones,1
summation,1
deduced,1
similar,1
give,1
analogues,1
binetcauchy,1
derivation,1
cauchyschwarz,1
centered,1
discussed,1
wellbeing,1
store,1
materials,1
critically,1
fundamentally,1
elections,1
account,1
infrastructures,1
actor,1
meanwhile,1
neglects,1
incorporates,1
socialecological,1
psychology,1
propositions,1
opportunity,1
taxing,1
nonelites,1
election,1
ideological,1
favor,1
mediate,1
politicaleconomic,1
needs,1
unrestricted,1
linkages,1
let,1
speak,1
superfast,1
matrices,1
strongly,1
resemble,1
counterparts,1
gross,1
added,1
gva,1
addition,1
predominant,1
countrylevel,1
portion,1
explained,1
uncorrelated,1
explanatory,1
proximity,1
exhibits,1
per,1
kilometer,1
rsquared,1
technologyspecific,1
postshock,1
amplifying,1
microfoundations,1
reach,1
amplification,1
factor,1
serial,1
discipline,1
serially,1
perturbing,1
stationarity,1
timehomogeneous,1
markovian,1
timeinhomogeneous,1
tractable,1
cars,1
kingdom,1
france,1
taxi,1
york,1
city,1
car,1
deviate,1
electric,1
vehicle,1
subsidy,1
vary,1
frisch,1
weekday,1
weekend,1
theres,1
nothing,1
grow,1
french,1
decompose,1
surprisingly,1
disappears,1
jobtojob,1
climb,1
strikingly,1
eliminating,1
indistinguishable,1
sorting,1
pace,1
adversaries,1
maintenance,1
explains,1
sustained,1
adversary,1
follows,1
uideal,1
uactual,1
prisoners,1
transformation,1
aui,1
buj,1
mutual,1
recognition,1
band,1
wminwmax,1
cccm,1
bellmanstyle,1
immediate,1
destruction,1
abandonment,1
appendix,1
referencedependent,1
socialmedia,1
trust,1
adversarial,1
deliberately,1
preserve,1
implements,1
established,1
highquality,1
bilateral,1
authority,1
exercise,1
adapted,1
elevated,1
prepandemic,1
persisting,1
paradoxically,1
occurred,1
intensifying,1
interconnectednessconsistent,1
citetkikuchidynamical,1
amplify,1
strength,1
rises,1
hysteresis,1
preventing,1
reversion,1
preshock,1
macroprudential,1
networkbased,1
requirements,1
centrality,1
incorporating,1
attributed,1
motivations,1
spite,1
rejecting,1
indicates,1
imply,1
matter,1
morality,1
acts,1
amplifier,1
van,1
leeuwen,1
alger,1
dictator,1
bots,1
adjust,1
highskill,1
advisors,1
underestimate,1
automatability,1
provision,1
routineintensive,1
leaves,1
unchanged,1
updated,1
minor,1
adjustments,1
withinfirm,1
rentsharing,1
tech,1
compliance,1
intentions,1
aka,1
macro,1
opensource,1
expansion,1
macroenergy,1
written,1
julia,1
jump,1
package,1
wide,1
solvers,1
span,1
electricity,1
fuels,1
bioenergy,1
steel,1
chemicals,1
organized,1
sectoragnostic,1
straightforward,1
packages,1
decomposition,1
fine,1
resolutions,1
studying,1
detail,1
demanded,1
geographical,1
take,1
cooperating,1
interesting,1
technically,1
nto,1
infty,1
suitable,1
planner,1
pigouvian,1
optimum,1
scalerobust,1
expensive,1
cheap,1
items,1
worst,1
invariant,1
randomizes,1
possible,1
pair,1
typeoptimal,1
inducing,1
selfselect,1
elicits,1
characterizes,1
collection,1
elicitation,1
costless,1
singletest,1
proper,1
scoring,1
constrains,1
elicitable,1
geometry,1
improvements,1
tradeoffs,1
harnessed,1
flighttoquality,1
analyse,1
associated,1
considers,1
labour,1
deposits,1
riskiness,1
exacerbates,1
instability,1
phenomena,1
changed,1
introducing,1
holdings,1
loans,1
leads,1
wealth,1
holding,1
twoinstitution,1
groupbiased,1
identical,1
independently,1
processed,1
criteria,1
consist,1
recommendation,1
aibased,1
assessments,1
noise,1
govern,1
disadvantage,1
rankings,1
disadvantaged,1
advantaged,1
selected,1
regime,1
institution,1
largemarket,1
linearly,1
nonlinearly,1
losses,1
cause,1
sharp,1
drops,1
gammathresholds,1
undergoes,1
evaluator,1
fairnessaware,1
scalable,1
forms,1
iterative,1
updates,1
minibatches,1
derivatives,1
producing,1
almostsure,1
accommodates,1
fixedsample,1
randomsampling,1
asymptotics,1
optional,1
secondorder,1
scaling,1
online,1
versions,1
sarganhansen,1
tailored,1
solves,1
stata,1
powerful,1
laptop,1
satisfactory,1
smoothly,1
luti,1
lowry,1
brings,1
neighbourhood,1
upper,1
flows,1
finegrain,1
zones,1
neighbourhoods,1
parcels,1
cityengine,1
interactive,1
visualisation,1
multiscale,1
south,1
yorkshire,1
forecasts,1
translated,1
connecting,1
mediation,1
implementability,1
informationally,1
supplies,1
characterizing,1
employ,1
graphtheoretic,1
represented,1
vertices,1
correspond,1
encodes,1
rationalization,1
implement,1
generator,1
blackwell,1
wishes,1
screen,1
firstorder,1
noninteger,1
integer,1
replicate,1
constraintsimplification,1
emulate,1
welltreaded,1
steps,1
continuum,1
focs,1
adjacent,1
monotonicity,1
virtual,1
monotone,1
unless,1
featuring,1
respect,1
textitdeltao,1
deltao,1
possibly,1
augmented,1
irrelevant,1
unawareness,1
procurement,1
totally,1
offered,1
restricted,1
logconcavity,1
reverse,1
bayesianism,1
caution,1
served,1
lowercost,1
want,1
suffer,1
distortions,1
earn,1
extra,1
rent,1
intuitively,1
break,1
cease,1
profitable,1
lowcost,1
textitno,1
leaving,1
none,1
wiser,1
satisfying,1
constraint,1
majorization,1
optimality,1
linear,1
nested,1
contest,1
disposal,1
meanbased,1
informativeness,1
draw,1
canonical,1
monopolistic,1
nontrivial,1
explain,1
puzzling,1
downturns,1
qlearning,1
neural,1
departing,1
replicates,1
unemployed,1
liquid,1
consume,1
stimulus,1
compared,1
highasset,1
faces,1
borrowing,1
ganong,1
scarring,1
malmendier,1
shen,1
belief,1
updating,1
reallife,1
consisting,1
respectively,1
leader,1
decides,1
follower,1
hisher,1
handle,1
situation,1
put,1
nonuniqueness,1
setup,1
attainment,1
black,1
undermining,1
innovative,1
ideas,1
accelerating,1
formalizes,1
paradigm,1
textbfblack,1
define,1
architectures,1
operated,1
generalize,1
repurpose,1
contributed,1
creating,1
thereby,1
jeopardizing,1
transportable,1
protection,1
concrete,1
mitigate,1
creator,1
traceable,1
controllable,1
admissions,1
impartially,1
skill,1
race,1
gender,1
ideal,1
attribute,1
socioeconomic,1
valueshaped,1
aipowered,1
career,1
salary,1
translates,1
observable,1
largeagent,1
formulas,1
costsensitive,1
modifying,1
goals,1
perceptiondriven,1
propagating,1
backward,1
static,1
outcomebridging,1
rationalchoice,1
technosocial,1
dynamical,1
determinants,1
patient,1
survival,1
buffers,1
gis,1
isochrones,1
derives,1
decays,1
exponentially,1
taut,1
expkappa,1
nemsis,1
calculate,1
policyrelevant,1
demographic,1
minute,1
pooraccess,1
kernel,1
validation,1
confirms,1
validates,1
vulnerable,1
populationselderly,1
rural,1
lowincome,1
communitiesfacing,1
longer,1
informing,1
station,1
placement,1
confounded,1
multicategorical,1
specifically,1
weighting,1
employing,1
disproportionate,1
dramatic,1
sometimes,1
overturning,1
exists,1
reflects,1
genuine,1
principled,1
maximal,1
excessive,1
chiles,1
lens,1
governments,1
reasserting,1
expanded,1
struggles,1
works,1
mazzucato,1
aghion,1
howitt,1
mokyr,1
samuelson,1
sampedro,1
humanist,1
ethics,1
official,1
finds,1
culture,1
concludes,1
inclusive,1
vision,1
multilayer,1
cryptoasset,1
cryptoassets,1
marketwide,1
principalcomponent,1
relations,1
volatilityfactor,1
crowding,1
complemented,1
see,1
granger,1
harx,1
corsi,1
leakagesafe,1
splits,1
stopping,1
validationonly,1
thresholding,1
shapbased,1
grangercausal,1
relationships,1
figures,1
heatmap,1
testset,1
precisionrecall,1
outputs,1
artifact,1
repository,1
reform,1
equilibriumadjusted,1
policyinvariant,1
object,1
augments,1
externality,1
covariance,1
direction,1
bridge,1
organizations,1
hesitate,1
adopt,1
though,1
workflow,1
decisiontree,1
ongoing,1
collegesuccess,1
build,1
predictors,1
reproduce,1
throughout,1
usability,1
expertise,1
every,1
practitioner,1
trustworthy,1
pathway,1
responsible,1
widely,1
medicine,1
individualized,1
uncertain,1
risky,1
highstakes,1
defer,1
expert,1
abstains,1
top,1
guess,1
twostage,1
learner,1
nearoptimal,1
constructs,1
disagreements,1
fast,1
ontype,1
unknownpropensity,1
margin,1
realizability,1
hedging,1
supports,1
mercy,1
imagined,1
practiced,1
organizational,1
contexts,1
framings,1
aspects,1
embedded,1
operating,1
scheduling,1
canadian,1
hospital,1
schedulingasimagined,1
rulebound,1
predictable,1
surgeoncentric,1
schedulingaspracticed,1
patientfacing,1
discretion,1
representational,1
narrowed,1
foreclosure,1
premature,1
exclusion,1
abstraction,1
situated,1
networkstructured,1
distress,1
propagation,1
deriving,1
predicts,1
sqrtlambdad,1
secondsmallest,1
eigenvalue,1
eba,1
finding,1
declined,1
regulatoryinduced,1
deleveraging,1
systemically,1
experienced,1
differential,1
reductions,1
scalefree,1
resilience,1
assumed,1
confirm,1
declining,1
crossmethod,1
correlations,1
postcovid,1
interconnectedness,1
allocating,1
compensations,1
endowment,1
contingency,1
satisfies,1
besides,1
manages,1
collecting,1
expost,1
administrators,1
participant,1
passive,1
performs,1
actuarial,1
schemes,1
earlier,1
denuit,1
robert,1
dhaene,1
milevsky,1
bernoulli,1
towards,1
transforming,1
opportunities,1
promises,1
accessibility,1
benefits,1
come,1
segregation,1
deteriorating,1
disproportionately,1
marginalized,1
reinforcing,1
gendered,1
racial,1
inequalities,1
deepening,1
imbalances,1
capitalist,1
elucidate,1
nature,1
historically,1
scrutinized,1
contested,1
workplace,1
lay,1
future,1
precarity,1
surveillance,1
blurring,1
colonial,1
legacies,1
advocates,1
participatory,1
nonbinary,1
nonabsorbing,1
multivalued,1
happens,1
wireless,1
detailed,1
universe,1
wirelessenabled,1
thousand,1
doubled,1
ten,1
indicator,1
followon,1
affected,1
product,1
novelty,1
waned,1
secrecy,1
patenting,1
boosted,1
domestic,1
sector,1
edgeworths,1
happiness,1
reading,1
francis,1
ysidro,1
edgeworth,1
reconstructing,1
intellectual,1
project,1
sciences,1
phase,1
writing,1
culminating,1
textitmathematical,1
psychics,1
reconfigure,1
grounding,1
psychophysics,1
utilitarian,1
sentient,1
quasifechnerian,1
incorporated,1
determined,1
solved,1
means,1
radical,1
antiegalitarian,1
justice,1
necessity,1
sentients,1
famous,1
gorilla,1
humans,1
races,1
sexes,1
essence,1
apparent,1
neutrality,1
naturalize,1
justify,1
preexisting,1
hierarchies,1
surgical,1
removal,1
economists,1
schumpeter,1
palatable,1
eviscerates,1
overarching,1
philosophical,1
homology,1
topological,1
behaviours,1
exhibiting,1
tdaderived,1
logarithmic,1
euro,1
widelyused,1
kmeans,1
score,1
tdabased,1
produces,1
wellseparated,1
difficulty,1
grouping,1
differing,1
compositions,1
overlook,1
analysing,1
